{
   "data": {
        "db_name": "llp_pd_d",
        "database_dir": "data/databases",
        "dataset": "9999_linear_targets_faster",
        "dataset_range": [0, 100000],
        "train_range": [0, 80000],
        "test_range": [80000, 100000],

        "state_key": "mean_shift_abs_max_scale_state",
        "state_means": [0.20261486939391482, -0.4400197911449862, -7.976, 0.007946835731667852, -0.03461490764922981, -0.04029267246008868, -0.004754099590094917, 0.0015810204941282932, -0.014416147431172234, -0.0009929541325489055, 0.0008043804971144763, 0.04549725795241984],
        "state_scales": [14.939614381112666, 15.072641556281704, 7.976, 8.403040064597922, 8.292283402827453, 8.373734541590204, 0.12390450794781434, 0.1187378115100288, 3.155971709665006, 0.8435282114720264, 0.9357991656454636, 2.5470258400395234],
        "z_dims": [0, 1, 2],
        "c_dims": [0, 1, 2, 3, 4, 5],
        "q_c": 6,
        "theta_c": 1.88,

        "ctrl_key": "clean_u_2000",
        "ctrl_means": [6800, 6800, 6800, 6800],
        "ctrl_scales": [2000, 2000, 2000, 2000],
        "u_dims": [0, 1, 2, 3],
        "q_u": 7,
        "theta_u": 3.2,

        "path_key": "mean_shift_abs_max_scale_target",
        "path_means": [-0.11200880460156436, 0.0462217421654651, -7.976986304084309, 8.265997240584978e-05, -0.0002688112908069548, -0.00010786309722691605, 0.0, 0.0, -0.013504209354730802, 0.0, 0.0, -9.273085294678275e-06],
        "path_scales": [15.109878079983718, 15.04426316249217, 7.976986304084309, 5.99867587718344, 6.000121191403299, 5.986190339278323, 0.0, 0.0, 3.1550948442831994, 0.0, 0.0, 314.1530541510697],
        "path_dims": [0, 1, 2],
        "q_path": 5,
        "theta_path": 1.45
    },
   "llp": {
        "model_type": "mine",
        "n_neurons": 3000,
        "theta": 1,
        "q": 5,
        "q_a": 5,
        "q_p": 2,
        "learning_rate": 8.656205265024589e-7,
        "neuron_model": "nengo.RectifiedLinear"
    },
    "ens_args": {
        "seed": 0,
        "radius": 1.0
    },
    "general": {
        "run_nni": false,
        "dt": 0.01,
        "theta_p": [1]
    },
    "control": {
        "gains": [8950.827941754635, 5396.8148923228555, 3797.2396183387336, 2838.8455160747803, 5817.333354627463, 10763.75342891863, 415.04893487790997, 500.1385252571632]
    },
    "path":  {
        "max_velocity": 6,
        "start_velocity": 0,
        "target_velocity": 0,
        "at_target_time": "None",
        "buffer_reach_time": 0,
        "path_acc": 3
    }



}
